{
  "service": {
    "service": "aws-nodejs-typescript",
    "serviceObject": {
      "name": "aws-nodejs-typescript"
    },
    "provider": {
      "name": "aws",
      "runtime": "nodejs14.x",
      "apiGateway": {
        "minimumCompressionSize": 1024,
        "shouldStartNameWithService": true
      },
      "environment": {
        "AWS_NODEJS_CONNECTION_REUSE_ENABLED": "1",
        "NODE_OPTIONS": "--enable-source-maps --stack-trace-limit=1000"
      },
      "lambdaHashingVersion": "20201221",
      "stage": "dev",
      "region": "us-east-1",
      "versionFunctions": true,
      "compiledCloudFormationTemplate": {
        "AWSTemplateFormatVersion": "2010-09-09",
        "Description": "The AWS CloudFormation template for this Serverless application",
        "Resources": {
          "ServerlessDeploymentBucket": {
            "Type": "AWS::S3::Bucket",
            "Properties": {
              "BucketEncryption": {
                "ServerSideEncryptionConfiguration": [
                  {
                    "ServerSideEncryptionByDefault": {
                      "SSEAlgorithm": "AES256"
                    }
                  }
                ]
              }
            }
          },
          "ServerlessDeploymentBucketPolicy": {
            "Type": "AWS::S3::BucketPolicy",
            "Properties": {
              "Bucket": {
                "Ref": "ServerlessDeploymentBucket"
              },
              "PolicyDocument": {
                "Statement": [
                  {
                    "Action": "s3:*",
                    "Effect": "Deny",
                    "Principal": "*",
                    "Resource": [
                      {
                        "Fn::Join": [
                          "",
                          [
                            "arn:",
                            {
                              "Ref": "AWS::Partition"
                            },
                            ":s3:::",
                            {
                              "Ref": "ServerlessDeploymentBucket"
                            },
                            "/*"
                          ]
                        ]
                      },
                      {
                        "Fn::Join": [
                          "",
                          [
                            "arn:",
                            {
                              "Ref": "AWS::Partition"
                            },
                            ":s3:::",
                            {
                              "Ref": "ServerlessDeploymentBucket"
                            }
                          ]
                        ]
                      }
                    ],
                    "Condition": {
                      "Bool": {
                        "aws:SecureTransport": false
                      }
                    }
                  }
                ]
              }
            }
          },
          "HelloLogGroup": {
            "Type": "AWS::Logs::LogGroup",
            "Properties": {
              "LogGroupName": "/aws/lambda/aws-nodejs-typescript-dev-hello"
            }
          },
          "IamRoleLambdaExecution": {
            "Type": "AWS::IAM::Role",
            "Properties": {
              "AssumeRolePolicyDocument": {
                "Version": "2012-10-17",
                "Statement": [
                  {
                    "Effect": "Allow",
                    "Principal": {
                      "Service": [
                        "lambda.amazonaws.com"
                      ]
                    },
                    "Action": [
                      "sts:AssumeRole"
                    ]
                  }
                ]
              },
              "Policies": [
                {
                  "PolicyName": {
                    "Fn::Join": [
                      "-",
                      [
                        "aws-nodejs-typescript",
                        "dev",
                        "lambda"
                      ]
                    ]
                  },
                  "PolicyDocument": {
                    "Version": "2012-10-17",
                    "Statement": [
                      {
                        "Effect": "Allow",
                        "Action": [
                          "logs:CreateLogStream",
                          "logs:CreateLogGroup"
                        ],
                        "Resource": [
                          {
                            "Fn::Sub": "arn:${AWS::Partition}:logs:${AWS::Region}:${AWS::AccountId}:log-group:/aws/lambda/aws-nodejs-typescript-dev*:*"
                          }
                        ]
                      },
                      {
                        "Effect": "Allow",
                        "Action": [
                          "logs:PutLogEvents"
                        ],
                        "Resource": [
                          {
                            "Fn::Sub": "arn:${AWS::Partition}:logs:${AWS::Region}:${AWS::AccountId}:log-group:/aws/lambda/aws-nodejs-typescript-dev*:*:*"
                          }
                        ]
                      }
                    ]
                  }
                }
              ],
              "Path": "/",
              "RoleName": {
                "Fn::Join": [
                  "-",
                  [
                    "aws-nodejs-typescript",
                    "dev",
                    {
                      "Ref": "AWS::Region"
                    },
                    "lambdaRole"
                  ]
                ]
              }
            }
          },
          "HelloLambdaFunction": {
            "Type": "AWS::Lambda::Function",
            "Properties": {
              "Code": {
                "S3Bucket": {
                  "Ref": "ServerlessDeploymentBucket"
                },
                "S3Key": "serverless/aws-nodejs-typescript/dev/1638335654040-2021-12-01T05:14:14.040Z/aws-nodejs-typescript.zip"
              },
              "Handler": "src/functions/hello/handler.main",
              "Runtime": "nodejs14.x",
              "FunctionName": "aws-nodejs-typescript-dev-hello",
              "MemorySize": 1024,
              "Timeout": 6,
              "Environment": {
                "Variables": {
                  "AWS_NODEJS_CONNECTION_REUSE_ENABLED": "1",
                  "NODE_OPTIONS": "--enable-source-maps --stack-trace-limit=1000"
                }
              },
              "Role": {
                "Fn::GetAtt": [
                  "IamRoleLambdaExecution",
                  "Arn"
                ]
              }
            },
            "DependsOn": [
              "HelloLogGroup"
            ]
          },
          "HelloLambdaVersionvAaz72R8l9rtz3kTdgPDLI0mT22XKwlNEhUlT8oE8AM": {
            "Type": "AWS::Lambda::Version",
            "DeletionPolicy": "Retain",
            "Properties": {
              "FunctionName": {
                "Ref": "HelloLambdaFunction"
              },
              "CodeSha256": "0CbRLYZCb69IcNIMzifTwPoUC4QQbQPk1lVZmhBZ7DM="
            }
          },
          "ApiGatewayRestApi": {
            "Type": "AWS::ApiGateway::RestApi",
            "Properties": {
              "Name": "aws-nodejs-typescript-dev",
              "EndpointConfiguration": {
                "Types": [
                  "EDGE"
                ]
              },
              "Policy": "",
              "MinimumCompressionSize": 1024
            }
          },
          "ApiGatewayResourceHello": {
            "Type": "AWS::ApiGateway::Resource",
            "Properties": {
              "ParentId": {
                "Fn::GetAtt": [
                  "ApiGatewayRestApi",
                  "RootResourceId"
                ]
              },
              "PathPart": "hello",
              "RestApiId": {
                "Ref": "ApiGatewayRestApi"
              }
            }
          },
          "ApiGatewayMethodHelloPost": {
            "Type": "AWS::ApiGateway::Method",
            "Properties": {
              "HttpMethod": "POST",
              "RequestParameters": {},
              "ResourceId": {
                "Ref": "ApiGatewayResourceHello"
              },
              "RestApiId": {
                "Ref": "ApiGatewayRestApi"
              },
              "ApiKeyRequired": false,
              "AuthorizationType": "NONE",
              "Integration": {
                "IntegrationHttpMethod": "POST",
                "Type": "AWS_PROXY",
                "Uri": {
                  "Fn::Join": [
                    "",
                    [
                      "arn:",
                      {
                        "Ref": "AWS::Partition"
                      },
                      ":apigateway:",
                      {
                        "Ref": "AWS::Region"
                      },
                      ":lambda:path/2015-03-31/functions/",
                      {
                        "Fn::GetAtt": [
                          "HelloLambdaFunction",
                          "Arn"
                        ]
                      },
                      "/invocations"
                    ]
                  ]
                }
              },
              "MethodResponses": [],
              "RequestValidatorId": {
                "Ref": "ApiGatewayAwsnodejstypescriptRequestValidator"
              },
              "RequestModels": {
                "application/json": {
                  "Ref": "ApiGatewayMethodHelloPostApplicationJsonModel"
                }
              }
            },
            "DependsOn": [
              "HelloLambdaPermissionApiGateway"
            ]
          },
          "ApiGatewayAwsnodejstypescriptRequestValidator": {
            "Type": "AWS::ApiGateway::RequestValidator",
            "Properties": {
              "RestApiId": {
                "Ref": "ApiGatewayRestApi"
              },
              "ValidateRequestBody": true,
              "ValidateRequestParameters": true,
              "Name": "aws-nodejs-typescript-dev | Validate request body and querystring parameters"
            }
          },
          "ApiGatewayMethodHelloPostApplicationJsonModel": {
            "Type": "AWS::ApiGateway::Model",
            "Properties": {
              "RestApiId": {
                "Ref": "ApiGatewayRestApi"
              },
              "ContentType": "application/json",
              "Schema": {
                "type": "object",
                "properties": {
                  "name": {
                    "type": "string"
                  }
                },
                "required": [
                  "name"
                ]
              }
            }
          },
          "ApiGatewayDeployment1638335573245": {
            "Type": "AWS::ApiGateway::Deployment",
            "Properties": {
              "RestApiId": {
                "Ref": "ApiGatewayRestApi"
              },
              "StageName": "dev"
            },
            "DependsOn": [
              "ApiGatewayMethodHelloPost"
            ]
          },
          "HelloLambdaPermissionApiGateway": {
            "Type": "AWS::Lambda::Permission",
            "Properties": {
              "FunctionName": {
                "Fn::GetAtt": [
                  "HelloLambdaFunction",
                  "Arn"
                ]
              },
              "Action": "lambda:InvokeFunction",
              "Principal": "apigateway.amazonaws.com",
              "SourceArn": {
                "Fn::Join": [
                  "",
                  [
                    "arn:",
                    {
                      "Ref": "AWS::Partition"
                    },
                    ":execute-api:",
                    {
                      "Ref": "AWS::Region"
                    },
                    ":",
                    {
                      "Ref": "AWS::AccountId"
                    },
                    ":",
                    {
                      "Ref": "ApiGatewayRestApi"
                    },
                    "/*/*"
                  ]
                ]
              }
            }
          }
        },
        "Outputs": {
          "ServerlessDeploymentBucketName": {
            "Value": {
              "Ref": "ServerlessDeploymentBucket"
            },
            "Export": {
              "Name": "sls-aws-nodejs-typescript-dev-ServerlessDeploymentBucketName"
            }
          },
          "HelloLambdaFunctionQualifiedArn": {
            "Description": "Current Lambda function version",
            "Value": {
              "Ref": "HelloLambdaVersionvAaz72R8l9rtz3kTdgPDLI0mT22XKwlNEhUlT8oE8AM"
            },
            "Export": {
              "Name": "sls-aws-nodejs-typescript-dev-HelloLambdaFunctionQualifiedArn"
            }
          },
          "ServiceEndpoint": {
            "Description": "URL of the service endpoint",
            "Value": {
              "Fn::Join": [
                "",
                [
                  "https://",
                  {
                    "Ref": "ApiGatewayRestApi"
                  },
                  ".execute-api.",
                  {
                    "Ref": "AWS::Region"
                  },
                  ".",
                  {
                    "Ref": "AWS::URLSuffix"
                  },
                  "/dev"
                ]
              ]
            },
            "Export": {
              "Name": "sls-aws-nodejs-typescript-dev-ServiceEndpoint"
            }
          }
        }
      },
      "coreCloudFormationTemplate": {
        "AWSTemplateFormatVersion": "2010-09-09",
        "Description": "The AWS CloudFormation template for this Serverless application",
        "Resources": {
          "ServerlessDeploymentBucket": {
            "Type": "AWS::S3::Bucket",
            "Properties": {
              "BucketEncryption": {
                "ServerSideEncryptionConfiguration": [
                  {
                    "ServerSideEncryptionByDefault": {
                      "SSEAlgorithm": "AES256"
                    }
                  }
                ]
              }
            }
          },
          "ServerlessDeploymentBucketPolicy": {
            "Type": "AWS::S3::BucketPolicy",
            "Properties": {
              "Bucket": {
                "Ref": "ServerlessDeploymentBucket"
              },
              "PolicyDocument": {
                "Statement": [
                  {
                    "Action": "s3:*",
                    "Effect": "Deny",
                    "Principal": "*",
                    "Resource": [
                      {
                        "Fn::Join": [
                          "",
                          [
                            "arn:",
                            {
                              "Ref": "AWS::Partition"
                            },
                            ":s3:::",
                            {
                              "Ref": "ServerlessDeploymentBucket"
                            },
                            "/*"
                          ]
                        ]
                      },
                      {
                        "Fn::Join": [
                          "",
                          [
                            "arn:",
                            {
                              "Ref": "AWS::Partition"
                            },
                            ":s3:::",
                            {
                              "Ref": "ServerlessDeploymentBucket"
                            }
                          ]
                        ]
                      }
                    ],
                    "Condition": {
                      "Bool": {
                        "aws:SecureTransport": false
                      }
                    }
                  }
                ]
              }
            }
          }
        },
        "Outputs": {
          "ServerlessDeploymentBucketName": {
            "Value": {
              "Ref": "ServerlessDeploymentBucket"
            }
          }
        }
      },
      "vpc": {}
    },
    "custom": {
      "webpack": {
        "webpackConfig": "./webpack.config.js",
        "includeModules": true
      }
    },
    "plugins": [
      "serverless-webpack"
    ],
    "pluginsData": {},
    "functions": {
      "hello": {
        "handler": "src/functions/hello/handler.main",
        "events": [
          {
            "http": {
              "method": "post",
              "path": "hello",
              "request": {
                "schema": {
                  "application/json": {
                    "$ref": "$[\"service\"][\"provider\"][\"compiledCloudFormationTemplate\"][\"Resources\"][\"ApiGatewayMethodHelloPostApplicationJsonModel\"][\"Properties\"][\"Schema\"]"
                  }
                }
              },
              "integration": "AWS_PROXY"
            }
          }
        ],
        "name": "aws-nodejs-typescript-dev-hello",
        "package": {
          "artifact": ".serverless/aws-nodejs-typescript.zip"
        },
        "memory": 1024,
        "timeout": 6,
        "runtime": "nodejs14.x",
        "vpc": {},
        "versionLogicalId": "HelloLambdaVersionvAaz72R8l9rtz3kTdgPDLI0mT22XKwlNEhUlT8oE8AM"
      }
    },
    "configValidationMode": "warn",
    "serviceFilename": "serverless.ts",
    "initialServerlessConfig": {
      "service": {
        "$ref": "$[\"service\"][\"serviceObject\"]"
      },
      "frameworkVersion": "2",
      "custom": {
        "$ref": "$[\"service\"][\"custom\"]"
      },
      "plugins": {
        "$ref": "$[\"service\"][\"plugins\"]"
      },
      "provider": {
        "$ref": "$[\"service\"][\"provider\"]"
      },
      "functions": {
        "$ref": "$[\"service\"][\"functions\"]"
      }
    },
    "layers": {},
    "isDashboardMonitoringPreconfigured": false
  },
  "package": {
    "artifactDirectoryName": "serverless/aws-nodejs-typescript/dev/1638335654040-2021-12-01T05:14:14.040Z",
    "artifact": ""
  }
}